<?xml version="1.0" encoding="UTF-8"?>

<scenario:scenario xmlns:scenario="urn:roborescue:map:scenario">
  <scenario:refuge scenario:location="51233"/>
  <scenario:refuge scenario:location="49557"/>
  <scenario:refuge scenario:location="52326"/>
  <scenario:refuge scenario:location="52327"/>
  <scenario:refuge scenario:location="52328"/>
  <scenario:refuge scenario:location="52329"/>
  <scenario:refuge scenario:location="52330"/>
  <scenario:refuge scenario:location="52331"/>
  <scenario:fire scenario:location="53536"/>
  <scenario:fire scenario:location="49625"/>
  <scenario:fire scenario:location="49626"/>
  <scenario:fire scenario:location="49595"/>
  <scenario:fire scenario:location="49627"/>
  <scenario:fire scenario:location="49596"/>
  <scenario:fire scenario:location="49628"/>
  <scenario:fire scenario:location="49597"/>
  <scenario:fire scenario:location="53535"/>
  <scenario:fire scenario:location="49599"/>
  <scenario:hydrant scenario:location="49920"/>
  <scenario:hydrant scenario:location="33539"/>
  <scenario:hydrant scenario:location="50948"/>
  <scenario:hydrant scenario:location="36102"/>
  <scenario:hydrant scenario:location="51078"/>
  <scenario:hydrant scenario:location="5002"/>
  <scenario:hydrant scenario:location="1165"/>
  <scenario:hydrant scenario:location="5902"/>
  <scenario:hydrant scenario:location="3607"/>
  <scenario:hydrant scenario:location="12184"/>
  <scenario:hydrant scenario:location="47643"/>
  <scenario:hydrant scenario:location="40225"/>
  <scenario:hydrant scenario:location="10274"/>
  <scenario:hydrant scenario:location="49956"/>
  <scenario:hydrant scenario:location="6181"/>
  <scenario:hydrant scenario:location="39464"/>
  <scenario:hydrant scenario:location="48426"/>
  <scenario:hydrant scenario:location="18219"/>
  <scenario:hydrant scenario:location="5164"/>
  <scenario:hydrant scenario:location="52780"/>
  <scenario:hydrant scenario:location="48557"/>
  <scenario:hydrant scenario:location="17584"/>
  <scenario:hydrant scenario:location="28090"/>
  <scenario:hydrant scenario:location="3130"/>
  <scenario:hydrant scenario:location="574"/>
  <scenario:hydrant scenario:location="12479"/>
  <scenario:hydrant scenario:location="53695"/>
  <scenario:hydrant scenario:location="6208"/>
  <scenario:hydrant scenario:location="1089"/>
  <scenario:hydrant scenario:location="53315"/>
  <scenario:hydrant scenario:location="4426"/>
  <scenario:hydrant scenario:location="51789"/>
  <scenario:hydrant scenario:location="53711"/>
  <scenario:hydrant scenario:location="50511"/>
  <scenario:hydrant scenario:location="5200"/>
  <scenario:hydrant scenario:location="1237"/>
  <scenario:hydrant scenario:location="35542"/>
  <scenario:hydrant scenario:location="5083"/>
  <scenario:hydrant scenario:location="6109"/>
  <scenario:hydrant scenario:location="50141"/>
  <scenario:hydrant scenario:location="53726"/>
  <scenario:hydrant scenario:location="32222"/>
  <scenario:hydrant scenario:location="608"/>
  <scenario:hydrant scenario:location="7270"/>
  <scenario:hydrant scenario:location="48871"/>
  <scenario:hydrant scenario:location="5227"/>
  <scenario:hydrant scenario:location="49901"/>
  <scenario:hydrant scenario:location="5749"/>
  <scenario:hydrant scenario:location="2806"/>
  <scenario:hydrant scenario:location="6649"/>
  <scenario:gasstation scenario:location="49342"/>
  <scenario:civilian scenario:location="50937"/>
  <scenario:civilian scenario:location="50510"/>
  <scenario:civilian scenario:location="53268"/>
  <scenario:civilian scenario:location="49534"/>
  <scenario:civilian scenario:location="52580"/>
  <scenario:civilian scenario:location="52711"/>
  <scenario:civilian scenario:location="52579"/>
  <scenario:civilian scenario:location="51361"/>
  <scenario:civilian scenario:location="49698"/>
  <scenario:civilian scenario:location="50680"/>
  <scenario:civilian scenario:location="51364"/>
  <scenario:civilian scenario:location="52412"/>
  <scenario:civilian scenario:location="50777"/>
  <scenario:civilian scenario:location="49434"/>
  <scenario:civilian scenario:location="49372"/>
  <scenario:civilian scenario:location="50199"/>
  <scenario:civilian scenario:location="50879"/>
  <scenario:civilian scenario:location="52086"/>
  <scenario:civilian scenario:location="49439"/>
  <scenario:civilian scenario:location="53287"/>
  <scenario:civilian scenario:location="52103"/>
  <scenario:civilian scenario:location="51387"/>
  <scenario:civilian scenario:location="49329"/>
  <scenario:civilian scenario:location="49632"/>
  <scenario:civilian scenario:location="52622"/>
  <scenario:civilian scenario:location="52898"/>
  <scenario:civilian scenario:location="49531"/>
  <scenario:civilian scenario:location="49724"/>
  <scenario:civilian scenario:location="52832"/>
  <scenario:civilian scenario:location="52597"/>
  <scenario:civilian scenario:location="51363"/>
  <scenario:civilian scenario:location="50897"/>
  <scenario:civilian scenario:location="49400"/>
  <scenario:civilian scenario:location="50570"/>
  <scenario:civilian scenario:location="50757"/>
  <scenario:civilian scenario:location="51367"/>
  <scenario:civilian scenario:location="49552"/>
  <scenario:civilian scenario:location="52370"/>
  <scenario:civilian scenario:location="52463"/>
  <scenario:civilian scenario:location="52839"/>
  <scenario:civilian scenario:location="52963"/>
  <scenario:civilian scenario:location="53293"/>
  <scenario:civilian scenario:location="50507"/>
  <scenario:civilian scenario:location="52529"/>
  <scenario:civilian scenario:location="52864"/>
  <scenario:civilian scenario:location="51732"/>
  <scenario:civilian scenario:location="51361"/>
  <scenario:civilian scenario:location="50509"/>
  <scenario:civilian scenario:location="50121"/>
  <scenario:civilian scenario:location="49327"/>
  <scenario:civilian scenario:location="49351"/>
  <scenario:civilian scenario:location="51336"/>
  <scenario:civilian scenario:location="53284"/>
  <scenario:civilian scenario:location="52462"/>
  <scenario:civilian scenario:location="50557"/>
  <scenario:civilian scenario:location="52429"/>
  <scenario:civilian scenario:location="50784"/>
  <scenario:civilian scenario:location="50671"/>
  <scenario:civilian scenario:location="51404"/>
  <scenario:civilian scenario:location="50893"/>
  <scenario:civilian scenario:location="50991"/>
  <scenario:civilian scenario:location="50506"/>
  <scenario:civilian scenario:location="49690"/>
  <scenario:civilian scenario:location="49486"/>
  <scenario:civilian scenario:location="49353"/>
  <scenario:civilian scenario:location="52508"/>
  <scenario:civilian scenario:location="49355"/>
  <scenario:civilian scenario:location="51016"/>
  <scenario:civilian scenario:location="49652"/>
  <scenario:civilian scenario:location="49397"/>
  <scenario:civilian scenario:location="52448"/>
  <scenario:civilian scenario:location="52899"/>
  <scenario:civilian scenario:location="49323"/>
  <scenario:civilian scenario:location="52121"/>
  <scenario:civilian scenario:location="49535"/>
  <scenario:civilian scenario:location="50786"/>
  <scenario:civilian scenario:location="53220"/>
  <scenario:civilian scenario:location="49355"/>
  <scenario:civilian scenario:location="49427"/>
  <scenario:civilian scenario:location="52312"/>
  <scenario:civilian scenario:location="53296"/>
  <scenario:civilian scenario:location="53003"/>
  <scenario:civilian scenario:location="51334"/>
  <scenario:civilian scenario:location="50134"/>
  <scenario:civilian scenario:location="49700"/>
  <scenario:civilian scenario:location="50104"/>
  <scenario:civilian scenario:location="50133"/>
  <scenario:civilian scenario:location="51827"/>
  <scenario:civilian scenario:location="52584"/>
  <scenario:civilian scenario:location="49382"/>
  <scenario:civilian scenario:location="51329"/>
  <scenario:civilian scenario:location="49747"/>
  <scenario:civilian scenario:location="53141"/>
  <scenario:civilian scenario:location="52598"/>
  <scenario:civilian scenario:location="49424"/>
  <scenario:civilian scenario:location="50674"/>
  <scenario:civilian scenario:location="53108"/>
  <scenario:civilian scenario:location="50874"/>
  <scenario:civilian scenario:location="52316"/>
  <scenario:civilian scenario:location="52455"/>
  <scenario:civilian scenario:location="51379"/>
  <scenario:civilian scenario:location="52529"/>
  <scenario:civilian scenario:location="52712"/>
  <scenario:civilian scenario:location="52718"/>
  <scenario:civilian scenario:location="50995"/>
  <scenario:civilian scenario:location="51291"/>
  <scenario:civilian scenario:location="51256"/>
  <scenario:civilian scenario:location="52457"/>
  <scenario:civilian scenario:location="50770"/>
  <scenario:civilian scenario:location="49388"/>
  <scenario:civilian scenario:location="50495"/>
  <scenario:civilian scenario:location="52451"/>
  <scenario:civilian scenario:location="52627"/>
  <scenario:civilian scenario:location="49531"/>
  <scenario:civilian scenario:location="53167"/>
  <scenario:civilian scenario:location="50066"/>
  <scenario:civilian scenario:location="52312"/>
  <scenario:civilian scenario:location="52077"/>
  <scenario:civilian scenario:location="53168"/>
  <scenario:civilian scenario:location="49380"/>
  <scenario:civilian scenario:location="52638"/>
  <scenario:civilian scenario:location="50937"/>
  <scenario:civilian scenario:location="50194"/>
  <scenario:civilian scenario:location="49511"/>
  <scenario:civilian scenario:location="52799"/>
  <scenario:civilian scenario:location="49329"/>
  <scenario:civilian scenario:location="52714"/>
  <scenario:civilian scenario:location="49435"/>
  <scenario:civilian scenario:location="50064"/>
  <scenario:civilian scenario:location="51381"/>
  <scenario:civilian scenario:location="52794"/>
  <scenario:civilian scenario:location="50564"/>
  <scenario:civilian scenario:location="50778"/>
  <scenario:civilian scenario:location="51447"/>
  <scenario:civilian scenario:location="52204"/>
  <scenario:civilian scenario:location="50518"/>
  <scenario:civilian scenario:location="52564"/>
  <scenario:civilian scenario:location="49699"/>
  <scenario:civilian scenario:location="52994"/>
  <scenario:civilian scenario:location="53260"/>
  <scenario:civilian scenario:location="50203"/>
  <scenario:civilian scenario:location="49323"/>
  <scenario:civilian scenario:location="52320"/>
  <scenario:civilian scenario:location="50529"/>
  <scenario:civilian scenario:location="52392"/>
  <scenario:civilian scenario:location="50774"/>
  <scenario:civilian scenario:location="49749"/>
  <scenario:civilian scenario:location="50676"/>
  <scenario:civilian scenario:location="52318"/>
  <scenario:civilian scenario:location="51373"/>
  <scenario:civilian scenario:location="51271"/>
  <scenario:civilian scenario:location="51362"/>
  <scenario:civilian scenario:location="49368"/>
  <scenario:civilian scenario:location="51935"/>
  <scenario:civilian scenario:location="52605"/>
  <scenario:civilian scenario:location="49507"/>
  <scenario:civilian scenario:location="49424"/>
  <scenario:civilian scenario:location="52035"/>
  <scenario:civilian scenario:location="51017"/>
  <scenario:civilian scenario:location="50125"/>
  <scenario:civilian scenario:location="49346"/>
  <scenario:civilian scenario:location="50080"/>
  <scenario:civilian scenario:location="49440"/>
  <scenario:civilian scenario:location="49420"/>
  <scenario:civilian scenario:location="49423"/>
  <scenario:civilian scenario:location="49407"/>
  <scenario:civilian scenario:location="49413"/>
  <scenario:civilian scenario:location="50817"/>
  <scenario:civilian scenario:location="50779"/>
  <scenario:civilian scenario:location="50814"/>
  <scenario:civilian scenario:location="50851"/>
  <scenario:civilian scenario:location="50996"/>
  <scenario:civilian scenario:location="49343"/>
  <scenario:civilian scenario:location="49374"/>
  <scenario:civilian scenario:location="6865"/>
  <scenario:civilian scenario:location="49524"/>
  <scenario:civilian scenario:location="49693"/>
  <scenario:civilian scenario:location="52369"/>
  <scenario:civilian scenario:location="52371"/>
  <scenario:civilian scenario:location="52388"/>
  <scenario:civilian scenario:location="52389"/>
  <scenario:civilian scenario:location="52390"/>
  <scenario:civilian scenario:location="52391"/>
  <scenario:civilian scenario:location="52393"/>
  <scenario:civilian scenario:location="52509"/>
  <scenario:civilian scenario:location="52510"/>
  <scenario:civilian scenario:location="52507"/>
  <scenario:civilian scenario:location="52492"/>
  <scenario:civilian scenario:location="52485"/>
  <scenario:civilian scenario:location="52319"/>
  <scenario:civilian scenario:location="52524"/>
  <scenario:civilian scenario:location="53411"/>
  <scenario:civilian scenario:location="52511"/>
  <scenario:civilian scenario:location="52459"/>
  <scenario:civilian scenario:location="52458"/>
  <scenario:civilian scenario:location="52394"/>
  <scenario:civilian scenario:location="53417"/>
  <scenario:civilian scenario:location="52488"/>
  <scenario:civilian scenario:location="52489"/>
  <scenario:civilian scenario:location="52490"/>
  <scenario:civilian scenario:location="52491"/>
  <scenario:civilian scenario:location="52486"/>
  <scenario:civilian scenario:location="52464"/>
  <scenario:civilian scenario:location="52465"/>
  <scenario:civilian scenario:location="52487"/>
  <scenario:civilian scenario:location="52505"/>
  <scenario:civilian scenario:location="52449"/>
  <scenario:civilian scenario:location="52450"/>
  <scenario:civilian scenario:location="53264"/>
  <scenario:civilian scenario:location="53265"/>
  <scenario:civilian scenario:location="53263"/>
  <scenario:civilian scenario:location="53261"/>
  <scenario:civilian scenario:location="53262"/>
  <scenario:civilian scenario:location="53258"/>
  <scenario:civilian scenario:location="53257"/>
  <scenario:civilian scenario:location="53256"/>
  <scenario:civilian scenario:location="53259"/>
  <scenario:civilian scenario:location="53252"/>
  <scenario:civilian scenario:location="53255"/>
  <scenario:civilian scenario:location="53253"/>
  <scenario:civilian scenario:location="53254"/>
  <scenario:civilian scenario:location="53251"/>
  <scenario:civilian scenario:location="53229"/>
  <scenario:civilian scenario:location="53271"/>
  <scenario:civilian scenario:location="53270"/>
  <scenario:civilian scenario:location="53283"/>
  <scenario:civilian scenario:location="53282"/>
  <scenario:civilian scenario:location="53281"/>
  <scenario:civilian scenario:location="53280"/>
  <scenario:civilian scenario:location="53279"/>
  <scenario:civilian scenario:location="53278"/>
  <scenario:civilian scenario:location="53277"/>
  <scenario:civilian scenario:location="53224"/>
  <scenario:civilian scenario:location="53225"/>
  <scenario:civilian scenario:location="53221"/>
  <scenario:civilian scenario:location="53222"/>
  <scenario:civilian scenario:location="53223"/>
  <scenario:civilian scenario:location="50913"/>
  <scenario:civilian scenario:location="50763"/>
  <scenario:civilian scenario:location="52063"/>
  <scenario:civilian scenario:location="50031"/>
  <scenario:civilian scenario:location="50552"/>
  <scenario:civilian scenario:location="50674"/>
  <scenario:civilian scenario:location="52586"/>
  <scenario:civilian scenario:location="52829"/>
  <scenario:civilian scenario:location="51376"/>
  <scenario:civilian scenario:location="52063"/>
  <scenario:civilian scenario:location="53149"/>
  <scenario:civilian scenario:location="51910"/>
  <scenario:civilian scenario:location="50192"/>
  <scenario:civilian scenario:location="52711"/>
  <scenario:civilian scenario:location="51272"/>
  <scenario:civilian scenario:location="52884"/>
  <scenario:civilian scenario:location="51376"/>
  <scenario:civilian scenario:location="52492"/>
  <scenario:civilian scenario:location="53048"/>
  <scenario:civilian scenario:location="49346"/>
  <scenario:civilian scenario:location="49488"/>
  <scenario:civilian scenario:location="52083"/>
  <scenario:civilian scenario:location="50598"/>
  <scenario:civilian scenario:location="52085"/>
  <scenario:civilian scenario:location="53109"/>
  <scenario:civilian scenario:location="49662"/>
  <scenario:civilian scenario:location="52529"/>
  <scenario:civilian scenario:location="49375"/>
  <scenario:civilian scenario:location="50563"/>
  <scenario:civilian scenario:location="52609"/>
  <scenario:civilian scenario:location="52532"/>
  <scenario:civilian scenario:location="52857"/>
  <scenario:civilian scenario:location="53296"/>
  <scenario:civilian scenario:location="52563"/>
  <scenario:civilian scenario:location="52609"/>
  <scenario:civilian scenario:location="50035"/>
  <scenario:civilian scenario:location="49507"/>
  <scenario:civilian scenario:location="52448"/>
  <scenario:civilian scenario:location="50606"/>
  <scenario:civilian scenario:location="52326"/>
  <scenario:civilian scenario:location="51360"/>
  <scenario:civilian scenario:location="53229"/>
  <scenario:civilian scenario:location="50759"/>
  <scenario:civilian scenario:location="52088"/>
  <scenario:civilian scenario:location="51272"/>
  <scenario:civilian scenario:location="51932"/>
  <scenario:civilian scenario:location="50203"/>
  <scenario:civilian scenario:location="49399"/>
  <scenario:civilian scenario:location="49355"/>
  <scenario:civilian scenario:location="50105"/>
  <scenario:civilian scenario:location="51401"/>
  <scenario:civilian scenario:location="52795"/>
  <scenario:civilian scenario:location="50521"/>
  <scenario:civilian scenario:location="52084"/>
  <scenario:civilian scenario:location="52802"/>
  <scenario:civilian scenario:location="52586"/>
  <scenario:civilian scenario:location="52839"/>
  <scenario:civilian scenario:location="49699"/>
  <scenario:civilian scenario:location="52963"/>
  <scenario:civilian scenario:location="50554"/>
  <scenario:civilian scenario:location="53260"/>
  <scenario:civilian scenario:location="50127"/>
  <scenario:civilian scenario:location="51267"/>
  <scenario:civilian scenario:location="52489"/>
  <scenario:civilian scenario:location="50776"/>
  <scenario:civilian scenario:location="52527"/>
  <scenario:civilian scenario:location="51375"/>
  <scenario:civilian scenario:location="49431"/>
  <scenario:civilian scenario:location="50878"/>
  <scenario:civilian scenario:location="49511"/>
  <scenario:civilian scenario:location="53267"/>
  <scenario:civilian scenario:location="50839"/>
  <scenario:civilian scenario:location="50878"/>
  <scenario:civilian scenario:location="49437"/>
  <scenario:civilian scenario:location="51753"/>
  <scenario:civilian scenario:location="50079"/>
  <scenario:civilian scenario:location="50564"/>
  <scenario:civilian scenario:location="50525"/>
  <scenario:civilian scenario:location="52449"/>
  <scenario:civilian scenario:location="49724"/>
  <scenario:civilian scenario:location="52842"/>
  <scenario:civilian scenario:location="50817"/>
  <scenario:civilian scenario:location="50820"/>
  <scenario:civilian scenario:location="52864"/>
  <scenario:civilian scenario:location="51383"/>
  <scenario:civilian scenario:location="51792"/>
  <scenario:civilian scenario:location="51731"/>
  <scenario:civilian scenario:location="51931"/>
  <scenario:civilian scenario:location="53252"/>
  <scenario:civilian scenario:location="50759"/>
  <scenario:civilian scenario:location="49696"/>
  <scenario:civilian scenario:location="53048"/>
  <scenario:civilian scenario:location="52074"/>
  <scenario:civilian scenario:location="49729"/>
  <scenario:civilian scenario:location="53261"/>
  <scenario:civilian scenario:location="50937"/>
  <scenario:civilian scenario:location="50761"/>
  <scenario:civilian scenario:location="52102"/>
  <scenario:civilian scenario:location="49349"/>
  <scenario:civilian scenario:location="52994"/>
  <scenario:civilian scenario:location="52700"/>
  <scenario:civilian scenario:location="50771"/>
  <scenario:civilian scenario:location="52821"/>
  <scenario:civilian scenario:location="49403"/>
  <scenario:civilian scenario:location="53106"/>
  <scenario:civilian scenario:location="52723"/>
  <scenario:civilian scenario:location="50676"/>
  <scenario:civilian scenario:location="52388"/>
  <scenario:civilian scenario:location="50686"/>
  <scenario:civilian scenario:location="52490"/>
  <scenario:civilian scenario:location="53284"/>
  <scenario:civilian scenario:location="52460"/>
  <scenario:civilian scenario:location="49764"/>
  <scenario:civilian scenario:location="51734"/>
  <scenario:civilian scenario:location="49749"/>
  <scenario:civilian scenario:location="51333"/>
  <scenario:civilian scenario:location="52584"/>
  <scenario:civilian scenario:location="52331"/>
  <scenario:civilian scenario:location="50504"/>
  <scenario:civilian scenario:location="49534"/>
  <scenario:civilian scenario:location="49663"/>
  <scenario:civilian scenario:location="49420"/>
  <scenario:civilian scenario:location="49358"/>
  <scenario:civilian scenario:location="50522"/>
  <scenario:civilian scenario:location="50775"/>
  <scenario:civilian scenario:location="52617"/>
  <scenario:civilian scenario:location="49434"/>
  <scenario:civilian scenario:location="51018"/>
  <scenario:civilian scenario:location="52511"/>
  <scenario:civilian scenario:location="49427"/>
  <scenario:civilian scenario:location="52701"/>
  <scenario:civilian scenario:location="51063"/>
  <scenario:civilian scenario:location="52091"/>
  <scenario:civilian scenario:location="52298"/>
  <scenario:civilian scenario:location="49373"/>
  <scenario:civilian scenario:location="50123"/>
  <scenario:civilian scenario:location="51378"/>
  <scenario:civilian scenario:location="50758"/>
  <scenario:civilian scenario:location="52584"/>
  <scenario:civilian scenario:location="52630"/>
  <scenario:civilian scenario:location="50563"/>
  <scenario:civilian scenario:location="51965"/>
  <scenario:civilian scenario:location="52087"/>
  <scenario:civilian scenario:location="51449"/>
  <scenario:civilian scenario:location="50766"/>
  <scenario:civilian scenario:location="51928"/>
  <scenario:civilian scenario:location="49395"/>
  <scenario:civilian scenario:location="50996"/>
  <scenario:civilian scenario:location="50196"/>
  <scenario:civilian scenario:location="50564"/>
  <scenario:civilian scenario:location="49436"/>
  <scenario:civilian scenario:location="51859"/>
  <scenario:civilian scenario:location="52300"/>
  <scenario:civilian scenario:location="51797"/>
  <scenario:civilian scenario:location="53148"/>
  <scenario:civilian scenario:location="51841"/>
  <scenario:civilian scenario:location="52627"/>
  <scenario:civilian scenario:location="50510"/>
  <scenario:civilian scenario:location="50764"/>
  <scenario:civilian scenario:location="52394"/>
  <scenario:civilian scenario:location="52589"/>
  <scenario:civilian scenario:location="53295"/>
  <scenario:civilian scenario:location="53133"/>
  <scenario:civilian scenario:location="50910"/>
  <scenario:civilian scenario:location="52298"/>
  <scenario:civilian scenario:location="49346"/>
  <scenario:civilian scenario:location="53103"/>
  <scenario:civilian scenario:location="49510"/>
  <scenario:civilian scenario:location="49483"/>
  <scenario:civilian scenario:location="49483"/>
  <scenario:civilian scenario:location="49469"/>
  <scenario:civilian scenario:location="49470"/>
  <scenario:civilian scenario:location="49489"/>
  <scenario:civilian scenario:location="49489"/>
  <scenario:civilian scenario:location="49489"/>
  <scenario:civilian scenario:location="49489"/>
  <scenario:firebrigade scenario:location="2644"/>
  <scenario:firebrigade scenario:location="3184"/>
  <scenario:firebrigade scenario:location="1818"/>
  <scenario:firebrigade scenario:location="3049"/>
  <scenario:firebrigade scenario:location="3049"/>
  <scenario:firebrigade scenario:location="3049"/>
  <scenario:firebrigade scenario:location="3175"/>
  <scenario:firebrigade scenario:location="3157"/>
  <scenario:firebrigade scenario:location="3040"/>
  <scenario:firebrigade scenario:location="7369"/>
  <scenario:firebrigade scenario:location="51119"/>
  <scenario:firebrigade scenario:location="3769"/>
  <scenario:firebrigade scenario:location="3769"/>
  <scenario:firebrigade scenario:location="3769"/>
  <scenario:firebrigade scenario:location="47777"/>
  <scenario:firebrigade scenario:location="51119"/>
  <scenario:firebrigade scenario:location="3778"/>
  <scenario:firebrigade scenario:location="53256"/>
  <scenario:firebrigade scenario:location="53281"/>
  <scenario:firebrigade scenario:location="49485"/>
  <scenario:firebrigade scenario:location="49353"/>
  <scenario:firebrigade scenario:location="51470"/>
  <scenario:firebrigade scenario:location="52796"/>
  <scenario:firebrigade scenario:location="51541"/>
  <scenario:firebrigade scenario:location="53264"/>
  <scenario:firebrigade scenario:location="49421"/>
  <scenario:firebrigade scenario:location="49800"/>
  <scenario:firebrigade scenario:location="49448"/>
  <scenario:firebrigade scenario:location="51658"/>
  <scenario:firebrigade scenario:location="52487"/>
  <scenario:firebrigade scenario:location="49617"/>
  <scenario:firebrigade scenario:location="53182"/>
  <scenario:firebrigade scenario:location="51263"/>
  <scenario:firebrigade scenario:location="52449"/>
  <scenario:firebrigade scenario:location="50551"/>
  <scenario:firebrigade scenario:location="53179"/>
  <scenario:firebrigade scenario:location="50524"/>
  <scenario:firebrigade scenario:location="52886"/>
  <scenario:firebrigade scenario:location="53228"/>
  <scenario:firebrigade scenario:location="49370"/>
  <scenario:firebrigade scenario:location="52869"/>
  <scenario:firebrigade scenario:location="51066"/>
  <scenario:firebrigade scenario:location="49534"/>
  <scenario:firebrigade scenario:location="51199"/>
  <scenario:firebrigade scenario:location="49631"/>
  <scenario:firebrigade scenario:location="52526"/>
  <scenario:firebrigade scenario:location="51401"/>
  <scenario:firebrigade scenario:location="1485"/>
  <scenario:firebrigade scenario:location="51083"/>
  <scenario:firebrigade scenario:location="2932"/>
  <scenario:firestation scenario:location="49559"/>
  <scenario:policeforce scenario:location="3139"/>
  <scenario:policeforce scenario:location="3148"/>
  <scenario:policeforce scenario:location="3130"/>
  <scenario:policeforce scenario:location="3121"/>
  <scenario:policeforce scenario:location="3247"/>
  <scenario:policeforce scenario:location="51068"/>
  <scenario:policeforce scenario:location="2644"/>
  <scenario:policeforce scenario:location="3184"/>
  <scenario:policeforce scenario:location="3193"/>
  <scenario:policeforce scenario:location="3157"/>
  <scenario:policeforce scenario:location="3175"/>
  <scenario:policeforce scenario:location="3049"/>
  <scenario:policeforce scenario:location="3040"/>
  <scenario:policeforce scenario:location="2851"/>
  <scenario:policeforce scenario:location="1344"/>
  <scenario:policeforce scenario:location="2878"/>
  <scenario:policeforce scenario:location="2878"/>
  <scenario:policeforce scenario:location="2860"/>
  <scenario:policeforce scenario:location="5128"/>
  <scenario:policeforce scenario:location="5155"/>
  <scenario:policeforce scenario:location="5173"/>
  <scenario:policeforce scenario:location="5173"/>
  <scenario:policeforce scenario:location="5164"/>
  <scenario:policeforce scenario:location="5227"/>
  <scenario:policeforce scenario:location="5200"/>
  <scenario:policeforce scenario:location="51079"/>
  <scenario:ambulanceteam scenario:location="51908"/>
  <scenario:ambulanceteam scenario:location="48923"/>
  <scenario:ambulanceteam scenario:location="52821"/>
  <scenario:ambulanceteam scenario:location="50566"/>
  <scenario:ambulanceteam scenario:location="48779"/>
  <scenario:ambulanceteam scenario:location="49596"/>
  <scenario:ambulanceteam scenario:location="51774"/>
  <scenario:ambulanceteam scenario:location="767"/>
  <scenario:ambulanceteam scenario:location="49451"/>
  <scenario:ambulanceteam scenario:location="50492"/>
  <scenario:ambulanceteam scenario:location="47604"/>
  <scenario:ambulanceteam scenario:location="52094"/>
  <scenario:ambulanceteam scenario:location="30986"/>
  <scenario:ambulanceteam scenario:location="48922"/>
  <scenario:ambulanceteam scenario:location="22703"/>
  <scenario:ambulanceteam scenario:location="15642"/>
  <scenario:ambulanceteam scenario:location="12066"/>
  <scenario:ambulanceteam scenario:location="51567"/>
  <scenario:ambulanceteam scenario:location="48034"/>
  <scenario:ambulanceteam scenario:location="25349"/>
  <scenario:ambulanceteam scenario:location="52165"/>
  <scenario:ambulanceteam scenario:location="52024"/>
  <scenario:ambulanceteam scenario:location="49824"/>
  <scenario:ambulanceteam scenario:location="52605"/>
  <scenario:ambulanceteam scenario:location="49470"/>
  <scenario:ambulanceteam scenario:location="51987"/>
  <scenario:ambulanceteam scenario:location="50159"/>
  <scenario:ambulanceteam scenario:location="804"/>
  <scenario:ambulanceteam scenario:location="53457"/>
  <scenario:ambulanceteam scenario:location="49486"/>
  <scenario:ambulanceteam scenario:location="49486"/>
  <scenario:ambulanceteam scenario:location="49486"/>
  <scenario:ambulanceteam scenario:location="49486"/>
  <scenario:ambulanceteam scenario:location="49486"/>
  <scenario:ambulanceteam scenario:location="49503"/>
  <scenario:ambulanceteam scenario:location="49503"/>
  <scenario:ambulanceteam scenario:location="48508"/>
  <scenario:ambulanceteam scenario:location="3004"/>
  <scenario:ambulanceteam scenario:location="2698"/>
  <scenario:ambulanceteam scenario:location="3076"/>
  <scenario:ambulanceteam scenario:location="2860"/>
  <scenario:ambulanceteam scenario:location="1994"/>
  <scenario:ambulanceteam scenario:location="3085"/>
  <scenario:ambulanceteam scenario:location="3085"/>
  <scenario:ambulanceteam scenario:location="51256"/>
  <scenario:ambulanceteam scenario:location="51336"/>
  <scenario:ambulanceteam scenario:location="51401"/>
  <scenario:ambulanceteam scenario:location="51404"/>
  <scenario:ambulanceteam scenario:location="51387"/>
  <scenario:ambulanceteam scenario:location="51447"/>
  <scenario:ambulancecentre scenario:location="49689"/>
</scenario:scenario>
