<?xml version="1.0" encoding="UTF-8"?>

<scenario:scenario xmlns:scenario="urn:roborescue:map:scenario">
  <scenario:refuge scenario:location="53762"/>
  <scenario:refuge scenario:location="43289"/>
  <scenario:refuge scenario:location="51225"/>
  <scenario:refuge scenario:location="45211"/>
  <scenario:refuge scenario:location="36927"/>
  <scenario:fire scenario:location="29927"/>
  <scenario:fire scenario:location="55869"/>
  <scenario:hydrant scenario:location="9634"/>
  <scenario:hydrant scenario:location="9481"/>
  <scenario:civilian scenario:location="27851"/>
  <scenario:civilian scenario:location="43854"/>
  <scenario:civilian scenario:location="57359"/>
  <scenario:civilian scenario:location="30779"/>
  <scenario:civilian scenario:location="42199"/>
  <scenario:civilian scenario:location="52923"/>
  <scenario:civilian scenario:location="53820"/>
  <scenario:civilian scenario:location="55164"/>
  <scenario:civilian scenario:location="46570"/>
  <scenario:civilian scenario:location="52825"/>
  <scenario:civilian scenario:location="54743"/>
  <scenario:civilian scenario:location="42813"/>
  <scenario:civilian scenario:location="50181"/>
  <scenario:civilian scenario:location="35946"/>
  <scenario:civilian scenario:location="53283"/>
  <scenario:civilian scenario:location="52729"/>
  <scenario:civilian scenario:location="56157"/>
  <scenario:civilian scenario:location="44092"/>
  <scenario:civilian scenario:location="40034"/>
  <scenario:civilian scenario:location="25459"/>
  <scenario:civilian scenario:location="54823"/>
  <scenario:civilian scenario:location="47082"/>
  <scenario:civilian scenario:location="32617"/>
  <scenario:civilian scenario:location="46818"/>
  <scenario:civilian scenario:location="33010"/>
  <scenario:civilian scenario:location="37580"/>
  <scenario:civilian scenario:location="56246"/>
  <scenario:civilian scenario:location="55559"/>
  <scenario:civilian scenario:location="55674"/>
  <scenario:civilian scenario:location="38429"/>
  <scenario:civilian scenario:location="53857"/>
  <scenario:civilian scenario:location="32617"/>
  <scenario:civilian scenario:location="56381"/>
  <scenario:civilian scenario:location="26688"/>
  <scenario:civilian scenario:location="36369"/>
  <scenario:civilian scenario:location="49073"/>
  <scenario:civilian scenario:location="34453"/>
  <scenario:civilian scenario:location="52821"/>
  <scenario:civilian scenario:location="36950"/>
  <scenario:civilian scenario:location="43067"/>
  <scenario:civilian scenario:location="44217"/>
  <scenario:civilian scenario:location="41254"/>
  <scenario:civilian scenario:location="54488"/>
  <scenario:civilian scenario:location="56003"/>
  <scenario:civilian scenario:location="26631"/>
  <scenario:civilian scenario:location="48827"/>
  <scenario:civilian scenario:location="50736"/>
  <scenario:civilian scenario:location="39488"/>
  <scenario:civilian scenario:location="56414"/>
  <scenario:civilian scenario:location="45456"/>
  <scenario:civilian scenario:location="53834"/>
  <scenario:civilian scenario:location="53736"/>
  <scenario:civilian scenario:location="54827"/>
  <scenario:civilian scenario:location="29002"/>
  <scenario:civilian scenario:location="55963"/>
  <scenario:civilian scenario:location="54694"/>
  <scenario:civilian scenario:location="54490"/>
  <scenario:civilian scenario:location="38596"/>
  <scenario:civilian scenario:location="54345"/>
  <scenario:civilian scenario:location="53841"/>
  <scenario:civilian scenario:location="53892"/>
  <scenario:civilian scenario:location="56381"/>
  <scenario:civilian scenario:location="54283"/>
  <scenario:civilian scenario:location="53446"/>
  <scenario:civilian scenario:location="45810"/>
  <scenario:civilian scenario:location="55272"/>
  <scenario:civilian scenario:location="33578"/>
  <scenario:civilian scenario:location="54643"/>
  <scenario:civilian scenario:location="32762"/>
  <scenario:civilian scenario:location="54133"/>
  <scenario:civilian scenario:location="54517"/>
  <scenario:civilian scenario:location="54306"/>
  <scenario:civilian scenario:location="57308"/>
  <scenario:civilian scenario:location="39608"/>
  <scenario:civilian scenario:location="56485"/>
  <scenario:civilian scenario:location="42924"/>
  <scenario:civilian scenario:location="53520"/>
  <scenario:civilian scenario:location="56496"/>
  <scenario:civilian scenario:location="23749"/>
  <scenario:civilian scenario:location="53399"/>
  <scenario:civilian scenario:location="52720"/>
  <scenario:civilian scenario:location="52738"/>
  <scenario:civilian scenario:location="29729"/>
  <scenario:civilian scenario:location="55632"/>
  <scenario:civilian scenario:location="53722"/>
  <scenario:civilian scenario:location="52570"/>
  <scenario:civilian scenario:location="55119"/>
  <scenario:civilian scenario:location="40621"/>
  <scenario:civilian scenario:location="57409"/>
  <scenario:civilian scenario:location="56396"/>
  <scenario:civilian scenario:location="55571"/>
  <scenario:civilian scenario:location="54333"/>
  <scenario:civilian scenario:location="55336"/>
  <scenario:civilian scenario:location="34094"/>
  <scenario:civilian scenario:location="29190"/>
  <scenario:civilian scenario:location="50910"/>
  <scenario:civilian scenario:location="56249"/>
  <scenario:civilian scenario:location="55835"/>
  <scenario:civilian scenario:location="54275"/>
  <scenario:civilian scenario:location="50264"/>
  <scenario:civilian scenario:location="37741"/>
  <scenario:civilian scenario:location="49096"/>
  <scenario:civilian scenario:location="54707"/>
  <scenario:civilian scenario:location="48990"/>
  <scenario:civilian scenario:location="33300"/>
  <scenario:civilian scenario:location="54189"/>
  <scenario:civilian scenario:location="28313"/>
  <scenario:civilian scenario:location="29089"/>
  <scenario:civilian scenario:location="53288"/>
  <scenario:civilian scenario:location="40964"/>
  <scenario:civilian scenario:location="43044"/>
  <scenario:firebrigade scenario:location="16330"/>
  <scenario:firebrigade scenario:location="3304"/>
  <scenario:firebrigade scenario:location="17392"/>
  <scenario:firebrigade scenario:location="14557"/>
  <scenario:firebrigade scenario:location="8707"/>
  <scenario:policeforce scenario:location="53397"/>
  <scenario:policeforce scenario:location="30009"/>
  <scenario:policeforce scenario:location="12316"/>
  <scenario:policeforce scenario:location="15781"/>
  <scenario:policeforce scenario:location="9868"/>
  <scenario:policeforce scenario:location="19417"/>
  <scenario:policeforce scenario:location="17725"/>
  <scenario:policeforce scenario:location="9463"/>
  <scenario:policeforce scenario:location="12541"/>
  <scenario:policeforce scenario:location="14224"/>
  <scenario:policeforce scenario:location="12334"/>
  <scenario:policeforce scenario:location="6145"/>
  <scenario:policeforce scenario:location="19255"/>
  <scenario:policeforce scenario:location="15844"/>
  <scenario:policeforce scenario:location="20344"/>
  <scenario:policeforce scenario:location="22108"/>
  <scenario:policeforce scenario:location="51748"/>
  <scenario:policeforce scenario:location="51743"/>
  <scenario:policeforce scenario:location="15331"/>
  <scenario:policeforce scenario:location="22198"/>
  <scenario:policeforce scenario:location="14782"/>
  <scenario:policeforce scenario:location="12712"/>
  <scenario:policeforce scenario:location="8941"/>
  <scenario:policeforce scenario:location="19039"/>
  <scenario:policeforce scenario:location="52364"/>
  <scenario:policeoffice scenario:location="29729"/>
  <scenario:policeoffice scenario:location="54727"/>
  <scenario:policeoffice scenario:location="38978"/>
  <scenario:policeoffice scenario:location="40034"/>
  <scenario:policeoffice scenario:location="55161"/>
  <scenario:ambulanceteam scenario:location="37198"/>
  <scenario:ambulanceteam scenario:location="32571"/>
  <scenario:ambulanceteam scenario:location="55991"/>
  <scenario:ambulanceteam scenario:location="57718"/>
  <scenario:ambulanceteam scenario:location="35368"/>
  <scenario:ambulanceteam scenario:location="11524"/>
  <scenario:ambulanceteam scenario:location="55905"/>
  <scenario:ambulanceteam scenario:location="57406"/>
  <scenario:ambulanceteam scenario:location="74"/>
  <scenario:ambulanceteam scenario:location="41320"/>
  <scenario:ambulanceteam scenario:location="12235"/>
  <scenario:ambulanceteam scenario:location="18472"/>
  <scenario:ambulanceteam scenario:location="14791"/>
  <scenario:ambulanceteam scenario:location="22873"/>
  <scenario:ambulanceteam scenario:location="15520"/>
</scenario:scenario>
