<?xml version="1.0" encoding="UTF-8"?>

<scenario:scenario xmlns:scenario="urn:roborescue:map:scenario">
  <scenario:refuge scenario:location="36194"/>
  <scenario:refuge scenario:location="36450"/>
  <scenario:refuge scenario:location="36395"/>
  <scenario:fire scenario:location="36467"/>
  <scenario:fire scenario:location="28238"/>
  <scenario:gasstation scenario:location="23650"/>
  <scenario:gasstation scenario:location="36485"/>
  <scenario:civilian scenario:location="35961"/>
  <scenario:civilian scenario:location="17299"/>
  <scenario:civilian scenario:location="36191"/>
  <scenario:civilian scenario:location="27468"/>
  <scenario:civilian scenario:location="20775"/>
  <scenario:civilian scenario:location="16871"/>
  <scenario:civilian scenario:location="29766"/>
  <scenario:civilian scenario:location="36449"/>
  <scenario:civilian scenario:location="28383"/>
  <scenario:civilian scenario:location="25245"/>
  <scenario:civilian scenario:location="22293"/>
  <scenario:civilian scenario:location="36442"/>
  <scenario:civilian scenario:location="34303"/>
  <scenario:civilian scenario:location="32263"/>
  <scenario:civilian scenario:location="34723"/>
  <scenario:civilian scenario:location="24095"/>
  <scenario:civilian scenario:location="21924"/>
  <scenario:civilian scenario:location="36441"/>
  <scenario:civilian scenario:location="36189"/>
  <scenario:civilian scenario:location="29357"/>
  <scenario:civilian scenario:location="21588"/>
  <scenario:civilian scenario:location="31707"/>
  <scenario:civilian scenario:location="30225"/>
  <scenario:civilian scenario:location="35795"/>
  <scenario:civilian scenario:location="36453"/>
  <scenario:civilian scenario:location="30632"/>
  <scenario:civilian scenario:location="36568"/>
  <scenario:civilian scenario:location="21494"/>
  <scenario:civilian scenario:location="34487"/>
  <scenario:civilian scenario:location="30004"/>
  <scenario:civilian scenario:location="34556"/>
  <scenario:civilian scenario:location="36274"/>
  <scenario:civilian scenario:location="27468"/>
  <scenario:civilian scenario:location="26837"/>
  <scenario:civilian scenario:location="36538"/>
  <scenario:civilian scenario:location="36202"/>
  <scenario:civilian scenario:location="21124"/>
  <scenario:civilian scenario:location="36247"/>
  <scenario:civilian scenario:location="32450"/>
  <scenario:civilian scenario:location="25220"/>
  <scenario:civilian scenario:location="26722"/>
  <scenario:civilian scenario:location="21901"/>
  <scenario:civilian scenario:location="23627"/>
  <scenario:civilian scenario:location="29548"/>
  <scenario:civilian scenario:location="21101"/>
  <scenario:civilian scenario:location="36491"/>
  <scenario:civilian scenario:location="36007"/>
  <scenario:civilian scenario:location="21565"/>
  <scenario:civilian scenario:location="34418"/>
  <scenario:civilian scenario:location="36514"/>
  <scenario:civilian scenario:location="36252"/>
  <scenario:civilian scenario:location="35484"/>
  <scenario:civilian scenario:location="21832"/>
  <scenario:civilian scenario:location="17852"/>
  <scenario:civilian scenario:location="20821"/>
  <scenario:civilian scenario:location="32961"/>
  <scenario:civilian scenario:location="25710"/>
  <scenario:civilian scenario:location="25470"/>
  <scenario:civilian scenario:location="17737"/>
  <scenario:civilian scenario:location="36235"/>
  <scenario:civilian scenario:location="35033"/>
  <scenario:civilian scenario:location="18074"/>
  <scenario:civilian scenario:location="18440"/>
  <scenario:civilian scenario:location="22018"/>
  <scenario:civilian scenario:location="30585"/>
  <scenario:civilian scenario:location="29357"/>
  <scenario:civilian scenario:location="26510"/>
  <scenario:civilian scenario:location="36469"/>
  <scenario:civilian scenario:location="36251"/>
  <scenario:civilian scenario:location="36387"/>
  <scenario:civilian scenario:location="36394"/>
  <scenario:civilian scenario:location="20137"/>
  <scenario:civilian scenario:location="36170"/>
  <scenario:civilian scenario:location="18005"/>
  <scenario:civilian scenario:location="27932"/>
  <scenario:civilian scenario:location="30393"/>
  <scenario:civilian scenario:location="31564"/>
  <scenario:civilian scenario:location="36457"/>
  <scenario:civilian scenario:location="33395"/>
  <scenario:civilian scenario:location="36435"/>
  <scenario:civilian scenario:location="16823"/>
  <scenario:civilian scenario:location="25614"/>
  <scenario:civilian scenario:location="19046"/>
  <scenario:civilian scenario:location="24524"/>
  <scenario:civilian scenario:location="36401"/>
  <scenario:civilian scenario:location="19023"/>
  <scenario:civilian scenario:location="23974"/>
  <scenario:civilian scenario:location="36470"/>
  <scenario:civilian scenario:location="35435"/>
  <scenario:civilian scenario:location="36262"/>
  <scenario:civilian scenario:location="30940"/>
  <scenario:civilian scenario:location="33912"/>
  <scenario:civilian scenario:location="34280"/>
  <scenario:civilian scenario:location="36414"/>
  <scenario:civilian scenario:location="32309"/>
  <scenario:civilian scenario:location="17783"/>
  <scenario:civilian scenario:location="17322"/>
  <scenario:civilian scenario:location="36434"/>
  <scenario:civilian scenario:location="20706"/>
  <scenario:civilian scenario:location="36419"/>
  <scenario:civilian scenario:location="36259"/>
  <scenario:civilian scenario:location="36491"/>
  <scenario:civilian scenario:location="20633"/>
  <scenario:civilian scenario:location="21659"/>
  <scenario:civilian scenario:location="17227"/>
  <scenario:civilian scenario:location="25898"/>
  <scenario:civilian scenario:location="30819"/>
  <scenario:civilian scenario:location="19799"/>
  <scenario:civilian scenario:location="36400"/>
  <scenario:civilian scenario:location="20940"/>
  <scenario:civilian scenario:location="36265"/>
  <scenario:civilian scenario:location="26417"/>
  <scenario:civilian scenario:location="36418"/>
  <scenario:civilian scenario:location="36218"/>
  <scenario:civilian scenario:location="36408"/>
  <scenario:civilian scenario:location="34418"/>
  <scenario:civilian scenario:location="34038"/>
  <scenario:civilian scenario:location="18846"/>
  <scenario:civilian scenario:location="32157"/>
  <scenario:civilian scenario:location="17494"/>
  <scenario:civilian scenario:location="21078"/>
  <scenario:civilian scenario:location="36213"/>
  <scenario:civilian scenario:location="17102"/>
  <scenario:civilian scenario:location="36537"/>
  <scenario:civilian scenario:location="25685"/>
  <scenario:civilian scenario:location="19386"/>
  <scenario:civilian scenario:location="34257"/>
  <scenario:civilian scenario:location="27771"/>
  <scenario:civilian scenario:location="24407"/>
  <scenario:civilian scenario:location="36190"/>
  <scenario:firebrigade scenario:location="8527"/>
  <scenario:firebrigade scenario:location="23963"/>
  <scenario:firebrigade scenario:location="35045"/>
  <scenario:firebrigade scenario:location="27643"/>
  <scenario:firebrigade scenario:location="4396"/>
  <scenario:firebrigade scenario:location="25959"/>
  <scenario:firebrigade scenario:location="1632"/>
  <scenario:firebrigade scenario:location="13378"/>
  <scenario:firebrigade scenario:location="120"/>
  <scenario:firebrigade scenario:location="7375"/>
  <scenario:firebrigade scenario:location="16528"/>
  <scenario:firebrigade scenario:location="2606"/>
  <scenario:firebrigade scenario:location="834"/>
  <scenario:firebrigade scenario:location="721"/>
  <scenario:firebrigade scenario:location="33115"/>
  <scenario:firebrigade scenario:location="33268"/>
  <scenario:firebrigade scenario:location="15952"/>
  <scenario:firebrigade scenario:location="11821"/>
  <scenario:firebrigade scenario:location="7663"/>
  <scenario:firebrigade scenario:location="10165"/>
  <scenario:firebrigade scenario:location="10219"/>
  <scenario:firebrigade scenario:location="10399"/>
  <scenario:firebrigade scenario:location="10399"/>
  <scenario:firebrigade scenario:location="10399"/>
  <scenario:firebrigade scenario:location="10399"/>
  <scenario:firebrigade scenario:location="10408"/>
  <scenario:firebrigade scenario:location="6871"/>
  <scenario:firebrigade scenario:location="6871"/>
  <scenario:firebrigade scenario:location="6862"/>
  <scenario:firebrigade scenario:location="6862"/>
  <scenario:firestation scenario:location="30250"/>
  <scenario:firestation scenario:location="35726"/>
  <scenario:policeforce scenario:location="27081"/>
  <scenario:policeforce scenario:location="19542"/>
  <scenario:policeforce scenario:location="35422"/>
  <scenario:policeforce scenario:location="21901"/>
  <scenario:policeforce scenario:location="11308"/>
  <scenario:policeforce scenario:location="15538"/>
  <scenario:policeforce scenario:location="10354"/>
  <scenario:policeforce scenario:location="25993"/>
  <scenario:policeforce scenario:location="21506"/>
  <scenario:policeforce scenario:location="11803"/>
  <scenario:policeforce scenario:location="31803"/>
  <scenario:policeforce scenario:location="3740"/>
  <scenario:policeforce scenario:location="27387"/>
  <scenario:policeforce scenario:location="32556"/>
  <scenario:policeforce scenario:location="35254"/>
  <scenario:policeforce scenario:location="14719"/>
  <scenario:policeforce scenario:location="23570"/>
  <scenario:policeforce scenario:location="23426"/>
  <scenario:policeforce scenario:location="10183"/>
  <scenario:policeforce scenario:location="11389"/>
  <scenario:policeforce scenario:location="7636"/>
  <scenario:policeforce scenario:location="1674"/>
  <scenario:policeforce scenario:location="11686"/>
  <scenario:policeforce scenario:location="13945"/>
  <scenario:policeforce scenario:location="11938"/>
  <scenario:policeforce scenario:location="7483"/>
  <scenario:policeforce scenario:location="10210"/>
  <scenario:policeforce scenario:location="6880"/>
  <scenario:policeforce scenario:location="8275"/>
  <scenario:policeforce scenario:location="13468"/>
  <scenario:policeforce scenario:location="13468"/>
  <scenario:policeforce scenario:location="13468"/>
  <scenario:policeforce scenario:location="13459"/>
  <scenario:policeforce scenario:location="13459"/>
  <scenario:policeforce scenario:location="13459"/>
  <scenario:policeforce scenario:location="10048"/>
  <scenario:policeforce scenario:location="10048"/>
  <scenario:policeoffice scenario:location="23099"/>
  <scenario:policeoffice scenario:location="21308"/>
  <scenario:ambulanceteam scenario:location="36557"/>
  <scenario:ambulanceteam scenario:location="32878"/>
  <scenario:ambulanceteam scenario:location="29755"/>
  <scenario:ambulanceteam scenario:location="8770"/>
  <scenario:ambulanceteam scenario:location="31217"/>
  <scenario:ambulanceteam scenario:location="5774"/>
  <scenario:ambulanceteam scenario:location="486"/>
  <scenario:ambulanceteam scenario:location="36441"/>
  <scenario:ambulanceteam scenario:location="8464"/>
  <scenario:ambulanceteam scenario:location="20515"/>
  <scenario:ambulanceteam scenario:location="16690"/>
  <scenario:ambulanceteam scenario:location="14944"/>
  <scenario:ambulanceteam scenario:location="1027"/>
  <scenario:ambulanceteam scenario:location="152"/>
  <scenario:ambulanceteam scenario:location="7456"/>
  <scenario:ambulanceteam scenario:location="7456"/>
  <scenario:ambulanceteam scenario:location="7456"/>
  <scenario:ambulancecentre scenario:location="18199"/>
</scenario:scenario>
