<?xml version="1.0"?>
<!DOCTYPE module PUBLIC
    "-//Puppy Crawl//DTD Check Configuration 1.2//EN"
    "http://www.puppycrawl.com/dtds/configuration_1_2.dtd">

<!--
  Checkstyle configuration based on the Sun code conventions.
-->

<module name="Checker">
  <module name="FileLength"/>
  <module name="FileTabCharacter"/>

  <!-- Allow suppression of checks -->
  <module name="SuppressionCommentFilter">
    <property name="offCommentFormat" value="CHECKSTYLE:OFF:([\w\|]+)"/>
    <property name="onCommentFormat" value="CHECKSTYLE:ON:([\w\|]+)"/>
    <property name="checkFormat" value="$1"/>
  </module>

  <module name="TreeWalker">
    <module name="FileContentsHolder"/>

    <module name="RegexpSinglelineJava">
      <property name="format" value="\s+$"/>
      <property name="message" value="Line has trailing spaces."/>
    </module>

    <!-- Checks for Javadoc comments.                     -->
    <!-- See http://checkstyle.sf.net/config_javadoc.html -->
    <module name="JavadocMethod">
      <property name="allowUndeclaredRTE" value="true"/>
      <property name="allowThrowsTagsForSubclasses" value="true"/>
      <property name="allowMissingThrowsTags" value="true"/>
      <property name="scope" value="package"/>
    </module>
    <module name="JavadocType">
      <property name="scope" value="package"/>
    </module>
    <module name="JavadocVariable">
      <property name="scope" value="package"/>
    </module>
    <module name="JavadocStyle"/>


    <!-- Checks for Naming Conventions.                  -->
    <!-- See http://checkstyle.sf.net/config_naming.html -->
    <module name="ConstantName"/>
    <module name="LocalFinalVariableName"/>
    <module name="LocalVariableName"/>
    <module name="MemberName"/>
    <module name="MethodName"/>
    <module name="PackageName">
      <property name="format" value="^[a-z][a-z0-9]+(\.[a-zA-Z_][a-zA-Z0-9_]*)*$"/>
    </module>
    <module name="ParameterName"/>
    <module name="StaticVariableName"/>
    <module name="TypeName"/>


    <!-- Checks for imports                              -->
    <!-- See http://checkstyle.sf.net/config_import.html -->
    <module name="AvoidStarImport"/>
    <module name="IllegalImport"/>
    <!-- defaults to sun.* packages -->
    <module name="RedundantImport"/>
    <module name="UnusedImports"/>


    <!-- Checks for Size Violations.                    -->
    <!-- See http://checkstyle.sf.net/config_sizes.html -->
    <module name="MethodLength"/>
    <!--
    <module name="ParameterNumber"/>
-->


    <!-- Checks for whitespace                               -->
    <!-- See http://checkstyle.sf.net/config_whitespace.html -->
    <module name="GenericWhitespace"/>
    <module name="EmptyForIteratorPad"/>
    <module name="MethodParamPad"/>
    <module name="NoWhitespaceAfter">
      <property name="allowLineBreaks" value="false"/>
    </module>
    <module name="NoWhitespaceBefore"/>
    <module name="OperatorWrap"/>
    <module name="ParenPad"/>
    <module name="TypecastParenPad"/>
    <module name="WhitespaceAfter">
      <property name="tokens" value="COMMA, SEMI"/>
    </module>
    <module name="WhitespaceAround">
      <property name="allowEmptyMethods" value="true"/>
      <property name="allowEmptyConstructors" value="true"/>
    </module>


    <!-- Modifier Checks                                    -->
    <!-- See http://checkstyle.sf.net/config_modifiers.html -->
    <module name="ModifierOrder"/>
    <module name="RedundantModifier"/>


    <!-- Checks for blocks. You know, those {}'s         -->
    <!-- See http://checkstyle.sf.net/config_blocks.html -->
    <module name="AvoidNestedBlocks"/>
    <module name="EmptyBlock"/>
    <module name="LeftCurly"/>
    <module name="NeedBraces"/>
    <module name="RightCurly">
      <property name="option" value="alone"/>
    </module>


    <!-- Checks for common coding problems               -->
    <!-- See http://checkstyle.sf.net/config_coding.html -->
    <module name="CovariantEquals"/>
    <module name="DoubleCheckedLocking"/>
    <module name="EmptyStatement"/>
    <module name="EqualsAvoidNull"/>
    <module name="EqualsHashCode"/>
    <module name="HiddenField">
      <property name="ignoreSetter" value="true"/>
      <property name="ignoreConstructorParameter" value="true"/>
    </module>
    <!--    <module name="IllegalInstantiation"/>-->
    <module name="InnerAssignment"/>
    <module name="MagicNumber">
      <!-- 1000 is a common timeout value -->
      <property name="ignoreNumbers" value="-1, 0, 1, 2, 1000"/>
    </module>
    <module name="MissingSwitchDefault"/>
    <module name="ModifiedControlVariable"/>
    <module name="RedundantThrows"/>
    <module name="SimplifyBooleanExpression"/>
    <module name="SimplifyBooleanReturn"/>
    <module name="StringLiteralEquality"/>
    <module name="NestedIfDepth">
      <property name="max" value="3"/>
    </module>
    <module name="NoClone"/>
    <module name="NoFinalizer"/>
    <module name="IllegalCatch"/>
    <module name="IllegalThrows"/>
    <module name="IllegalType"/>
    <module name="PackageDeclaration"/>
    <module name="DeclarationOrder"/>
    <module name="DefaultComesLast"/>
    <module name="FallThrough"/>
    <module name="MultipleVariableDeclarations"/>


    <!-- Checks for class design                         -->
    <!-- See http://checkstyle.sf.net/config_design.html -->
    <module name="FinalClass"/>
    <module name="HideUtilityClassConstructor"/>
    <module name="InterfaceIsType"/>
    <module name="VisibilityModifier">
      <property name="protectedAllowed" value="true"/>
      <property name="packageAllowed" value="true"/>
    </module>


    <!-- Miscellaneous other checks.                   -->
    <!-- See http://checkstyle.sf.net/config_misc.html -->
    <!--    <module name="TodoComment"/>-->
    <module name="UpperEll"/>
    <module name="ArrayTypeStyle"/>
    <!--    <module name="FinalParameters"/>-->

  </module>

</module>
