<?xml version="1.0" encoding="UTF-8"?>

<scenario:scenario xmlns:scenario="urn:roborescue:map:scenario">
  <scenario:refuge scenario:location="72119"/>
  <scenario:refuge scenario:location="65751"/>
  <scenario:refuge scenario:location="64359"/>
  <scenario:refuge scenario:location="49175"/>
  <scenario:refuge scenario:location="49705"/>
  <scenario:refuge scenario:location="70232"/>
  <scenario:refuge scenario:location="67531"/>
  <scenario:fire scenario:location="62818"/>
  <scenario:fire scenario:location="62707"/>
  <scenario:fire scenario:location="39159"/>
  <scenario:fire scenario:location="56811"/>
  <scenario:hydrant scenario:location="42371"/>
  <scenario:hydrant scenario:location="70919"/>
  <scenario:hydrant scenario:location="903"/>
  <scenario:hydrant scenario:location="9610"/>
  <scenario:hydrant scenario:location="33803"/>
  <scenario:hydrant scenario:location="5131"/>
  <scenario:hydrant scenario:location="3852"/>
  <scenario:hydrant scenario:location="27404"/>
  <scenario:hydrant scenario:location="51341"/>
  <scenario:hydrant scenario:location="31886"/>
  <scenario:hydrant scenario:location="10510"/>
  <scenario:hydrant scenario:location="49296"/>
  <scenario:hydrant scenario:location="60944"/>
  <scenario:hydrant scenario:location="52242"/>
  <scenario:hydrant scenario:location="1172"/>
  <scenario:hydrant scenario:location="28565"/>
  <scenario:hydrant scenario:location="49686"/>
  <scenario:hydrant scenario:location="56984"/>
  <scenario:hydrant scenario:location="48417"/>
  <scenario:hydrant scenario:location="32417"/>
  <scenario:hydrant scenario:location="49956"/>
  <scenario:hydrant scenario:location="15785"/>
  <scenario:hydrant scenario:location="3243"/>
  <scenario:hydrant scenario:location="35756"/>
  <scenario:hydrant scenario:location="7343"/>
  <scenario:hydrant scenario:location="20528"/>
  <scenario:hydrant scenario:location="15794"/>
  <scenario:hydrant scenario:location="29618"/>
  <scenario:hydrant scenario:location="12215"/>
  <scenario:hydrant scenario:location="3259"/>
  <scenario:hydrant scenario:location="69818"/>
  <scenario:hydrant scenario:location="33596"/>
  <scenario:hydrant scenario:location="23741"/>
  <scenario:hydrant scenario:location="35135"/>
  <scenario:hydrant scenario:location="19520"/>
  <scenario:hydrant scenario:location="36161"/>
  <scenario:hydrant scenario:location="10049"/>
  <scenario:hydrant scenario:location="6849"/>
  <scenario:hydrant scenario:location="26306"/>
  <scenario:hydrant scenario:location="11847"/>
  <scenario:hydrant scenario:location="43591"/>
  <scenario:hydrant scenario:location="19016"/>
  <scenario:hydrant scenario:location="32840"/>
  <scenario:hydrant scenario:location="22985"/>
  <scenario:hydrant scenario:location="6604"/>
  <scenario:hydrant scenario:location="16208"/>
  <scenario:hydrant scenario:location="19538"/>
  <scenario:hydrant scenario:location="6613"/>
  <scenario:hydrant scenario:location="50008"/>
  <scenario:hydrant scenario:location="33497"/>
  <scenario:hydrant scenario:location="4059"/>
  <scenario:hydrant scenario:location="14813"/>
  <scenario:hydrant scenario:location="31328"/>
  <scenario:hydrant scenario:location="7777"/>
  <scenario:hydrant scenario:location="10594"/>
  <scenario:hydrant scenario:location="14057"/>
  <scenario:hydrant scenario:location="57706"/>
  <scenario:hydrant scenario:location="21482"/>
  <scenario:hydrant scenario:location="28907"/>
  <scenario:hydrant scenario:location="26990"/>
  <scenario:hydrant scenario:location="70642"/>
  <scenario:hydrant scenario:location="36981"/>
  <scenario:hydrant scenario:location="19061"/>
  <scenario:hydrant scenario:location="11639"/>
  <scenario:hydrant scenario:location="21239"/>
  <scenario:hydrant scenario:location="9976"/>
  <scenario:hydrant scenario:location="46456"/>
  <scenario:hydrant scenario:location="47609"/>
  <scenario:hydrant scenario:location="26873"/>
  <scenario:hydrant scenario:location="18809"/>
  <scenario:hydrant scenario:location="30203"/>
  <scenario:hydrant scenario:location="29051"/>
  <scenario:hydrant scenario:location="20861"/>
  <scenario:hydrant scenario:location="10109"/>
  <scenario:hydrant scenario:location="5117"/>
  <scenario:gasstation scenario:location="64122"/>
  <scenario:gasstation scenario:location="69660"/>
  <scenario:civilian scenario:location="12419"/>
  <scenario:civilian scenario:location="72614"/>
  <scenario:civilian scenario:location="24128"/>
  <scenario:civilian scenario:location="46065"/>
  <scenario:civilian scenario:location="36026"/>
  <scenario:civilian scenario:location="27926"/>
  <scenario:civilian scenario:location="18665"/>
  <scenario:civilian scenario:location="72693"/>
  <scenario:civilian scenario:location="56846"/>
  <scenario:civilian scenario:location="16784"/>
  <scenario:civilian scenario:location="24083"/>
  <scenario:civilian scenario:location="71473"/>
  <scenario:civilian scenario:location="5811"/>
  <scenario:civilian scenario:location="5009"/>
  <scenario:civilian scenario:location="36818"/>
  <scenario:civilian scenario:location="44961"/>
  <scenario:civilian scenario:location="67319"/>
  <scenario:civilian scenario:location="52253"/>
  <scenario:civilian scenario:location="63481"/>
  <scenario:civilian scenario:location="68735"/>
  <scenario:civilian scenario:location="73348"/>
  <scenario:civilian scenario:location="5689"/>
  <scenario:civilian scenario:location="11600"/>
  <scenario:civilian scenario:location="72252"/>
  <scenario:civilian scenario:location="4025"/>
  <scenario:civilian scenario:location="25532"/>
  <scenario:civilian scenario:location="68706"/>
  <scenario:civilian scenario:location="18269"/>
  <scenario:civilian scenario:location="22211"/>
  <scenario:civilian scenario:location="25064"/>
  <scenario:civilian scenario:location="64773"/>
  <scenario:civilian scenario:location="70199"/>
  <scenario:civilian scenario:location="4113"/>
  <scenario:civilian scenario:location="12292"/>
  <scenario:civilian scenario:location="65051"/>
  <scenario:civilian scenario:location="46148"/>
  <scenario:civilian scenario:location="10227"/>
  <scenario:civilian scenario:location="3729"/>
  <scenario:civilian scenario:location="64634"/>
  <scenario:civilian scenario:location="19502"/>
  <scenario:civilian scenario:location="27161"/>
  <scenario:civilian scenario:location="7448"/>
  <scenario:civilian scenario:location="11227"/>
  <scenario:civilian scenario:location="13625"/>
  <scenario:civilian scenario:location="7441"/>
  <scenario:civilian scenario:location="10378"/>
  <scenario:civilian scenario:location="41971"/>
  <scenario:civilian scenario:location="20285"/>
  <scenario:civilian scenario:location="67260"/>
  <scenario:civilian scenario:location="16253"/>
  <scenario:civilian scenario:location="69738"/>
  <scenario:civilian scenario:location="23507"/>
  <scenario:civilian scenario:location="33947"/>
  <scenario:civilian scenario:location="2061"/>
  <scenario:civilian scenario:location="25037"/>
  <scenario:civilian scenario:location="5589"/>
  <scenario:civilian scenario:location="13049"/>
  <scenario:civilian scenario:location="30275"/>
  <scenario:civilian scenario:location="3852"/>
  <scenario:civilian scenario:location="31841"/>
  <scenario:civilian scenario:location="69491"/>
  <scenario:civilian scenario:location="19349"/>
  <scenario:civilian scenario:location="35900"/>
  <scenario:civilian scenario:location="34856"/>
  <scenario:civilian scenario:location="28961"/>
  <scenario:civilian scenario:location="37453"/>
  <scenario:civilian scenario:location="13121"/>
  <scenario:civilian scenario:location="55251"/>
  <scenario:civilian scenario:location="27044"/>
  <scenario:civilian scenario:location="16586"/>
  <scenario:civilian scenario:location="20573"/>
  <scenario:civilian scenario:location="69697"/>
  <scenario:civilian scenario:location="23894"/>
  <scenario:civilian scenario:location="1646"/>
  <scenario:civilian scenario:location="15929"/>
  <scenario:civilian scenario:location="47872"/>
  <scenario:civilian scenario:location="22571"/>
  <scenario:civilian scenario:location="72154"/>
  <scenario:civilian scenario:location="26603"/>
  <scenario:civilian scenario:location="13742"/>
  <scenario:civilian scenario:location="57965"/>
  <scenario:civilian scenario:location="9313"/>
  <scenario:civilian scenario:location="57895"/>
  <scenario:civilian scenario:location="73388"/>
  <scenario:civilian scenario:location="53167"/>
  <scenario:civilian scenario:location="9644"/>
  <scenario:civilian scenario:location="16190"/>
  <scenario:civilian scenario:location="14966"/>
  <scenario:civilian scenario:location="68706"/>
  <scenario:civilian scenario:location="29861"/>
  <scenario:civilian scenario:location="3804"/>
  <scenario:civilian scenario:location="57022"/>
  <scenario:civilian scenario:location="28043"/>
  <scenario:civilian scenario:location="4305"/>
  <scenario:civilian scenario:location="13229"/>
  <scenario:civilian scenario:location="7155"/>
  <scenario:civilian scenario:location="18836"/>
  <scenario:civilian scenario:location="2121"/>
  <scenario:civilian scenario:location="36116"/>
  <scenario:civilian scenario:location="43602"/>
  <scenario:civilian scenario:location="11363"/>
  <scenario:civilian scenario:location="36981"/>
  <scenario:civilian scenario:location="48382"/>
  <scenario:civilian scenario:location="28808"/>
  <scenario:civilian scenario:location="25334"/>
  <scenario:civilian scenario:location="48451"/>
  <scenario:civilian scenario:location="3691"/>
  <scenario:civilian scenario:location="10987"/>
  <scenario:civilian scenario:location="55336"/>
  <scenario:civilian scenario:location="67531"/>
  <scenario:civilian scenario:location="25406"/>
  <scenario:civilian scenario:location="32759"/>
  <scenario:civilian scenario:location="14579"/>
  <scenario:civilian scenario:location="66767"/>
  <scenario:civilian scenario:location="41194"/>
  <scenario:civilian scenario:location="15254"/>
  <scenario:civilian scenario:location="55359"/>
  <scenario:civilian scenario:location="3243"/>
  <scenario:civilian scenario:location="36584"/>
  <scenario:civilian scenario:location="44426"/>
  <scenario:civilian scenario:location="1801"/>
  <scenario:civilian scenario:location="66307"/>
  <scenario:civilian scenario:location="71182"/>
  <scenario:civilian scenario:location="17558"/>
  <scenario:civilian scenario:location="1434"/>
  <scenario:civilian scenario:location="365"/>
  <scenario:civilian scenario:location="39639"/>
  <scenario:civilian scenario:location="23660"/>
  <scenario:civilian scenario:location="27368"/>
  <scenario:civilian scenario:location="7400"/>
  <scenario:civilian scenario:location="2802"/>
  <scenario:civilian scenario:location="66607"/>
  <scenario:civilian scenario:location="10767"/>
  <scenario:civilian scenario:location="15632"/>
  <scenario:civilian scenario:location="62289"/>
  <scenario:civilian scenario:location="38046"/>
  <scenario:civilian scenario:location="40426"/>
  <scenario:civilian scenario:location="12774"/>
  <scenario:civilian scenario:location="4655"/>
  <scenario:civilian scenario:location="22805"/>
  <scenario:civilian scenario:location="9039"/>
  <scenario:civilian scenario:location="7682"/>
  <scenario:civilian scenario:location="12529"/>
  <scenario:civilian scenario:location="44707"/>
  <scenario:civilian scenario:location="17873"/>
  <scenario:civilian scenario:location="26882"/>
  <scenario:civilian scenario:location="27494"/>
  <scenario:civilian scenario:location="27710"/>
  <scenario:civilian scenario:location="61127"/>
  <scenario:civilian scenario:location="42583"/>
  <scenario:civilian scenario:location="41932"/>
  <scenario:civilian scenario:location="20348"/>
  <scenario:civilian scenario:location="28025"/>
  <scenario:civilian scenario:location="69479"/>
  <scenario:civilian scenario:location="69193"/>
  <scenario:civilian scenario:location="61861"/>
  <scenario:civilian scenario:location="17954"/>
  <scenario:civilian scenario:location="55336"/>
  <scenario:civilian scenario:location="19088"/>
  <scenario:civilian scenario:location="31823"/>
  <scenario:civilian scenario:location="34325"/>
  <scenario:civilian scenario:location="67296"/>
  <scenario:civilian scenario:location="24110"/>
  <scenario:civilian scenario:location="383"/>
  <scenario:civilian scenario:location="33245"/>
  <scenario:civilian scenario:location="69135"/>
  <scenario:civilian scenario:location="43793"/>
  <scenario:civilian scenario:location="17459"/>
  <scenario:civilian scenario:location="7104"/>
  <scenario:civilian scenario:location="60018"/>
  <scenario:civilian scenario:location="4662"/>
  <scenario:civilian scenario:location="30050"/>
  <scenario:civilian scenario:location="69726"/>
  <scenario:civilian scenario:location="47561"/>
  <scenario:civilian scenario:location="59697"/>
  <scenario:civilian scenario:location="60068"/>
  <scenario:civilian scenario:location="22940"/>
  <scenario:civilian scenario:location="29312"/>
  <scenario:civilian scenario:location="71508"/>
  <scenario:civilian scenario:location="18827"/>
  <scenario:civilian scenario:location="23408"/>
  <scenario:civilian scenario:location="40235"/>
  <scenario:civilian scenario:location="33065"/>
  <scenario:civilian scenario:location="69835"/>
  <scenario:civilian scenario:location="27989"/>
  <scenario:civilian scenario:location="47246"/>
  <scenario:civilian scenario:location="38772"/>
  <scenario:civilian scenario:location="55603"/>
  <scenario:civilian scenario:location="32759"/>
  <scenario:civilian scenario:location="40962"/>
  <scenario:civilian scenario:location="20537"/>
  <scenario:civilian scenario:location="1874"/>
  <scenario:civilian scenario:location="69135"/>
  <scenario:civilian scenario:location="38564"/>
  <scenario:civilian scenario:location="63339"/>
  <scenario:civilian scenario:location="19079"/>
  <scenario:civilian scenario:location="71324"/>
  <scenario:civilian scenario:location="3925"/>
  <scenario:civilian scenario:location="61544"/>
  <scenario:civilian scenario:location="22031"/>
  <scenario:firebrigade scenario:location="28907"/>
  <scenario:firebrigade scenario:location="62658"/>
  <scenario:firebrigade scenario:location="44368"/>
  <scenario:firebrigade scenario:location="56215"/>
  <scenario:firebrigade scenario:location="56215"/>
  <scenario:firebrigade scenario:location="53294"/>
  <scenario:firebrigade scenario:location="50896"/>
  <scenario:firebrigade scenario:location="65687"/>
  <scenario:firebrigade scenario:location="66193"/>
  <scenario:firebrigade scenario:location="57151"/>
  <scenario:firebrigade scenario:location="17873"/>
  <scenario:firebrigade scenario:location="49554"/>
  <scenario:firebrigade scenario:location="39082"/>
  <scenario:firebrigade scenario:location="72022"/>
  <scenario:firebrigade scenario:location="73225"/>
  <scenario:firebrigade scenario:location="58450"/>
  <scenario:firebrigade scenario:location="13670"/>
  <scenario:firebrigade scenario:location="31157"/>
  <scenario:firebrigade scenario:location="48979"/>
  <scenario:firebrigade scenario:location="47753"/>
  <scenario:firebrigade scenario:location="63521"/>
  <scenario:firebrigade scenario:location="43016"/>
  <scenario:firebrigade scenario:location="43016"/>
  <scenario:firebrigade scenario:location="47088"/>
  <scenario:firebrigade scenario:location="65133"/>
  <scenario:firebrigade scenario:location="72720"/>
  <scenario:firebrigade scenario:location="37426"/>
  <scenario:firebrigade scenario:location="50919"/>
  <scenario:firebrigade scenario:location="58765"/>
  <scenario:firebrigade scenario:location="42653"/>
  <scenario:firebrigade scenario:location="52334"/>
  <scenario:firebrigade scenario:location="34505"/>
  <scenario:firebrigade scenario:location="34514"/>
  <scenario:firebrigade scenario:location="53701"/>
  <scenario:firebrigade scenario:location="37205"/>
  <scenario:firebrigade scenario:location="52334"/>
  <scenario:firebrigade scenario:location="42976"/>
  <scenario:firebrigade scenario:location="35846"/>
  <scenario:firebrigade scenario:location="72156"/>
  <scenario:firebrigade scenario:location="67682"/>
  <scenario:firestation scenario:location="41677"/>
  <scenario:policeforce scenario:location="52288"/>
  <scenario:policeforce scenario:location="35054"/>
  <scenario:policeforce scenario:location="18935"/>
  <scenario:policeforce scenario:location="54319"/>
  <scenario:policeforce scenario:location="16487"/>
  <scenario:policeforce scenario:location="29915"/>
  <scenario:policeforce scenario:location="3396"/>
  <scenario:policeforce scenario:location="761"/>
  <scenario:policeforce scenario:location="29168"/>
  <scenario:policeforce scenario:location="6445"/>
  <scenario:policeforce scenario:location="13625"/>
  <scenario:policeforce scenario:location="7466"/>
  <scenario:policeforce scenario:location="2384"/>
  <scenario:policeforce scenario:location="29753"/>
  <scenario:policeforce scenario:location="990"/>
  <scenario:policeforce scenario:location="30104"/>
  <scenario:policeforce scenario:location="19079"/>
  <scenario:policeforce scenario:location="35981"/>
  <scenario:policeforce scenario:location="16712"/>
  <scenario:policeforce scenario:location="14237"/>
  <scenario:policeforce scenario:location="27656"/>
  <scenario:policeforce scenario:location="54563"/>
  <scenario:policeforce scenario:location="28772"/>
  <scenario:policeforce scenario:location="6727"/>
  <scenario:policeforce scenario:location="7941"/>
  <scenario:policeforce scenario:location="25496"/>
  <scenario:policeforce scenario:location="14723"/>
  <scenario:policeforce scenario:location="3729"/>
  <scenario:policeforce scenario:location="34127"/>
  <scenario:policeforce scenario:location="29609"/>
  <scenario:policeforce scenario:location="72071"/>
  <scenario:policeforce scenario:location="43186"/>
  <scenario:policeforce scenario:location="48230"/>
  <scenario:policeforce scenario:location="42720"/>
  <scenario:policeforce scenario:location="63101"/>
  <scenario:policeoffice scenario:location="50754"/>
  <scenario:ambulanceteam scenario:location="16739"/>
  <scenario:ambulanceteam scenario:location="6806"/>
  <scenario:ambulanceteam scenario:location="17945"/>
  <scenario:ambulanceteam scenario:location="4009"/>
  <scenario:ambulanceteam scenario:location="34451"/>
  <scenario:ambulanceteam scenario:location="26306"/>
  <scenario:ambulanceteam scenario:location="14795"/>
  <scenario:ambulanceteam scenario:location="7343"/>
  <scenario:ambulanceteam scenario:location="26594"/>
  <scenario:ambulanceteam scenario:location="46125"/>
  <scenario:ambulanceteam scenario:location="34289"/>
  <scenario:ambulanceteam scenario:location="72634"/>
  <scenario:ambulanceteam scenario:location="58095"/>
  <scenario:ambulanceteam scenario:location="40962"/>
  <scenario:ambulanceteam scenario:location="5245"/>
  <scenario:ambulanceteam scenario:location="30113"/>
  <scenario:ambulanceteam scenario:location="5090"/>
  <scenario:ambulanceteam scenario:location="3632"/>
  <scenario:ambulanceteam scenario:location="19574"/>
  <scenario:ambulanceteam scenario:location="7881"/>
  <scenario:ambulanceteam scenario:location="65943"/>
  <scenario:ambulanceteam scenario:location="45100"/>
  <scenario:ambulanceteam scenario:location="71624"/>
  <scenario:ambulanceteam scenario:location="41807"/>
  <scenario:ambulanceteam scenario:location="49643"/>
  <scenario:ambulanceteam scenario:location="39393"/>
  <scenario:ambulanceteam scenario:location="39032"/>
  <scenario:ambulanceteam scenario:location="41387"/>
  <scenario:ambulanceteam scenario:location="40143"/>
  <scenario:ambulanceteam scenario:location="40449"/>
  <scenario:ambulanceteam scenario:location="36476"/>
  <scenario:ambulanceteam scenario:location="22193"/>
  <scenario:ambulanceteam scenario:location="20015"/>
  <scenario:ambulanceteam scenario:location="4922"/>
  <scenario:ambulanceteam scenario:location="24830"/>
  <scenario:ambulancecentre scenario:location="58404"/>
  <scenario:ambulancecentre scenario:location="41070"/>
</scenario:scenario>
